<application>
  <component name="ProjectManager">
    <defaultProject>
      <component name="WindowStateProjectService">
        <state x="2018" y="273" width="424" height="483" key="FileChooserDialogImpl" timestamp="1694164894424">
          <screen x="1280" y="0" width="1920" height="1032" />
        </state>
        <state x="2018" y="273" width="424" height="483" key="FileChooserDialogImpl/1280.0.1920.1032/0.28.1280.1024" timestamp="1694164894424" />
      </component>
    </defaultProject>
  </component>
</application>