<application>
  <component name="FileTypeManager" version="18">
    <extensionMap>
      <removed_mapping ext="apk" approved="true" type="ARCHIVE" />
      <removed_mapping ext="bash" approved="true" type="Shell Script" />
      <removed_mapping ext="csv" approved="true" type="CSV/TSV" />
      <removed_mapping ext="psd" approved="true" type="Image" />
      <removed_mapping ext="sh" approved="true" type="Shell Script" />
      <removed_mapping ext="xls" approved="true" type="Native" />
      <removed_mapping ext="xlsx" approved="true" type="Native" />
      <removed_mapping ext="xsd" approved="true" type="XML" />
      <removed_mapping ext="zsh" approved="true" type="Shell Script" />
    </extensionMap>
  </component>
</application>