{
  "niv": {
    "branch": "master",
    "description": "Easy dependency management for Nix projects",
    "homepage": "https://github.com/nmattia/niv",
    "owner": "nmattia",
    "repo": "niv",
    "rev": "5830a4dd348d77e39a0f3c4c762ff2663b602d4c",
    "sha256": "1d3lsrqvci4qz2hwjrcnd8h5vfkg8aypq3sjd4g3izbc8frwz5sm",
    "type": "tarball",
    "url": "https://github.com/nmattia/niv/archive/5830a4dd348d77e39a0f3c4c762ff2663b602d4c.tar.gz",
    "url_template": "https://github.com/<owner>/<repo>/archive/<rev>.tar.gz"
  },
  "nixpkgs": {
    "branch": "nixos-21.11",
    "description": "Nix Packages collection",
    "homepage": "",
    "owner": "NixOS",
    "repo": "nixpkgs",
    "rev": "e6377ff35544226392b49fa2cf05590f9f0c4b43",
    "sha256": "1fra9wwy5gvj5ibayqkzqpwdf715bggc0qbmrfch4fghwvl5m70l",
    "type": "tarball",
    "url": "https://github.com/NixOS/nixpkgs/archive/e6377ff35544226392b49fa2cf05590f9f0c4b43.tar.gz",
    "url_template": "https://github.com/<owner>/<repo>/archive/<rev>.tar.gz"
  }
}
