{
	"$schema": "vscode://schemas/color-theme",
	"name": "Dark Default Colors",
	"colors": {
		"editor.background": "#1E1E1E",
		"editor.foreground": "#D4D4D4",
		"editor.inactiveSelectionBackground": "#3A3D41",
		"editorIndentGuide.background": "#404040",
		"editorIndentGuide.activeBackground": "#707070",
		"editor.selectionHighlightBackground": "#ADD6FF26",
		"list.dropBackground": "#383B3D",
		"activityBarBadge.background": "#007ACC",
		"sideBarTitle.foreground": "#BBBBBB",
		"input.placeholderForeground": "#A6A6A6",
		"settings.textInputBackground": "#292929",
		"settings.numberInputBackground": "#292929"
	}
}