<application>
  <component name="generateJavaDocConfiguration">
    <option name="excludeClassListV2">
      <list>
        <excludeEntry>
          <option name="excludeName" value="javax.servlet.http.HttpServletRequest" />
          <option name="enabled" value="true" />
        </excludeEntry>
        <excludeEntry>
          <option name="excludeName" value="javax.servlet.http.HttpServletResponse" />
          <option name="enabled" value="true" />
        </excludeEntry>
        <excludeEntry>
          <option name="excludeName" value="org.apache.commons.logging.Log" />
          <option name="enabled" value="true" />
        </excludeEntry>
        <excludeEntry>
          <option name="excludeName" value="org.springframework.ui.Model" />
          <option name="enabled" value="true" />
        </excludeEntry>
        <excludeEntry>
          <option name="excludeName" value="org.springframework.ui.ModelMap" />
          <option name="enabled" value="true" />
        </excludeEntry>
        <excludeEntry>
          <option name="excludeName" value="org.springframework.web.servlet.ModelAndView" />
          <option name="enabled" value="true" />
        </excludeEntry>
        <excludeEntry>
          <option name="excludeName" value="org.springframework.validation.BindingResult" />
          <option name="enabled" value="true" />
        </excludeEntry>
        <excludeEntry>
          <option name="excludeName" value="org.springframework.web.multipart.MultipartFile" />
          <option name="enabled" value="true" />
        </excludeEntry>
        <excludeEntry>
          <option name="excludeName" value="org.springframework.web.multipart.commons.CommonsMultipartFile" />
          <option name="enabled" value="true" />
        </excludeEntry>
        <excludeEntry>
          <option name="excludeName" value="org.springframework.web.context.request.WebRequest" />
          <option name="enabled" value="true" />
        </excludeEntry>
        <excludeEntry>
          <option name="excludeName" value="org.springframework.core.task.AsyncTaskExecutor" />
          <option name="enabled" value="true" />
        </excludeEntry>
        <excludeEntry>
          <option name="excludeName" value="org.springframework.beans.factory.BeanFactory" />
          <option name="enabled" value="true" />
        </excludeEntry>
        <excludeEntry>
          <option name="excludeName" value="org.springframework.web.context.request.async.DeferredResult.DeferredResultHandler" />
          <option name="enabled" value="true" />
        </excludeEntry>
        <excludeEntry>
          <option name="excludeName" value="org.springframework.core.io.Resource" />
          <option name="enabled" value="true" />
        </excludeEntry>
        <excludeEntry>
          <option name="excludeName" value="org.springframework.http.HttpHeaders" />
          <option name="enabled" value="true" />
        </excludeEntry>
        <excludeEntry>
          <option name="excludeName" value="org.springframework.http.HttpEntity" />
          <option name="enabled" value="true" />
        </excludeEntry>
      </list>
    </option>
    <option name="excludeMethodList">
      <list>
        <excludeEntry>
          <option name="excludeName" value="Object" />
          <option name="enabled" value="true" />
        </excludeEntry>
        <excludeEntry>
          <option name="excludeName" value="registerNatives" />
          <option name="enabled" value="true" />
        </excludeEntry>
        <excludeEntry>
          <option name="excludeName" value="getClass" />
          <option name="enabled" value="true" />
        </excludeEntry>
        <excludeEntry>
          <option name="excludeName" value="hashCode" />
          <option name="enabled" value="true" />
        </excludeEntry>
        <excludeEntry>
          <option name="excludeName" value="equals" />
          <option name="enabled" value="true" />
        </excludeEntry>
        <excludeEntry>
          <option name="excludeName" value="clone" />
          <option name="enabled" value="true" />
        </excludeEntry>
        <excludeEntry>
          <option name="excludeName" value="toString" />
          <option name="enabled" value="true" />
        </excludeEntry>
        <excludeEntry>
          <option name="excludeName" value="notify" />
          <option name="enabled" value="true" />
        </excludeEntry>
        <excludeEntry>
          <option name="excludeName" value="notifyAll" />
          <option name="enabled" value="true" />
        </excludeEntry>
        <excludeEntry>
          <option name="excludeName" value="wait" />
          <option name="enabled" value="true" />
        </excludeEntry>
        <excludeEntry>
          <option name="excludeName" value="finalize" />
          <option name="enabled" value="true" />
        </excludeEntry>
      </list>
    </option>
    <option name="excludeFieldList">
      <list>
        <excludeEntry>
          <option name="excludeName" value="serialVersionUID" />
          <option name="enabled" value="true" />
        </excludeEntry>
      </list>
    </option>
    <option name="apiAnnotationListV2">
      <list>
        <annotationEntry>
          <option name="type" value="FieldName" />
          <option name="className" value="org.springframework.web.bind.annotation.RequestParam" />
          <option name="fieldName" value="value" />
          <option name="enabled" value="true" />
        </annotationEntry>
        <annotationEntry>
          <option name="type" value="Required" />
          <option name="className" value="org.springframework.web.bind.annotation.RequestParam" />
          <option name="fieldName" value="required" />
          <option name="defaultValue" value="true" />
          <option name="enabled" value="true" />
        </annotationEntry>
        <annotationEntry>
          <option name="type" value="DefaultValue" />
          <option name="className" value="org.springframework.web.bind.annotation.RequestParam" />
          <option name="fieldName" value="defaultValue" />
          <option name="defaultValue" value="" />
          <option name="enabled" value="true" />
        </annotationEntry>
        <annotationEntry>
          <option name="type" value="FieldName" />
          <option name="className" value="org.springframework.web.bind.annotation.PathVariable" />
          <option name="fieldName" value="value" />
          <option name="enabled" value="true" />
        </annotationEntry>
        <annotationEntry>
          <option name="type" value="Required" />
          <option name="className" value="org.springframework.web.bind.annotation.PathVariable" />
          <option name="fieldName" value="required" />
          <option name="defaultValue" value="true" />
          <option name="enabled" value="true" />
        </annotationEntry>
        <annotationEntry>
          <option name="type" value="Required" />
          <option name="className" value="org.springframework.web.bind.annotation.RequestBody" />
          <option name="fieldName" value="required" />
          <option name="defaultValue" value="true" />
          <option name="enabled" value="true" />
        </annotationEntry>
        <annotationEntry>
          <option name="type" value="Required" />
          <option name="className" value="org.springframework.web.bind.annotation.CookieValue" />
          <option name="fieldName" value="required" />
          <option name="defaultValue" value="true" />
          <option name="enabled" value="true" />
        </annotationEntry>
        <annotationEntry>
          <option name="type" value="FieldName" />
          <option name="className" value="org.springframework.web.bind.annotation.CookieValue" />
          <option name="fieldName" value="value" />
          <option name="enabled" value="true" />
        </annotationEntry>
        <annotationEntry>
          <option name="type" value="DefaultValue" />
          <option name="className" value="org.springframework.web.bind.annotation.CookieValue" />
          <option name="fieldName" value="defaultValue" />
          <option name="enabled" value="true" />
        </annotationEntry>
        <annotationEntry>
          <option name="type" value="Required" />
          <option name="className" value="org.springframework.web.bind.annotation.RequestHeader" />
          <option name="fieldName" value="required" />
          <option name="defaultValue" value="true" />
          <option name="enabled" value="true" />
        </annotationEntry>
        <annotationEntry>
          <option name="type" value="FieldName" />
          <option name="className" value="org.springframework.web.bind.annotation.RequestHeader" />
          <option name="fieldName" value="value" />
          <option name="enabled" value="true" />
        </annotationEntry>
        <annotationEntry>
          <option name="type" value="DefaultValue" />
          <option name="className" value="org.springframework.web.bind.annotation.RequestHeader" />
          <option name="fieldName" value="defaultValue" />
          <option name="enabled" value="true" />
        </annotationEntry>
        <annotationEntry>
          <option name="type" value="MethodName" />
          <option name="className" value="net.pocrd.annotation.HttpApi" />
          <option name="fieldName" value="name" />
          <option name="enabled" value="true" />
        </annotationEntry>
        <annotationEntry>
          <option name="type" value="Comment" />
          <option name="className" value="net.pocrd.annotation.HttpApi" />
          <option name="fieldName" value="desc" />
          <option name="enabled" value="true" />
        </annotationEntry>
        <annotationEntry>
          <option name="type" value="FieldName" />
          <option name="className" value="net.pocrd.annotation.ApiParameter" />
          <option name="fieldName" value="name" />
          <option name="enabled" value="true" />
        </annotationEntry>
        <annotationEntry>
          <option name="type" value="Comment" />
          <option name="className" value="net.pocrd.annotation.ApiParameter" />
          <option name="fieldName" value="desc" />
          <option name="defaultValue" value="" />
          <option name="enabled" value="true" />
        </annotationEntry>
        <annotationEntry>
          <option name="type" value="Required" />
          <option name="className" value="net.pocrd.annotation.ApiParameter" />
          <option name="fieldName" value="required" />
          <option name="defaultValue" value="" />
          <option name="enabled" value="true" />
        </annotationEntry>
        <annotationEntry>
          <option name="type" value="FieldName" />
          <option name="className" value="net.pocrd.annotation.ApiAutowired" />
          <option name="fieldName" value="value" />
          <option name="enabled" value="true" />
        </annotationEntry>
        <annotationEntry>
          <option name="type" value="Comment" />
          <option name="className" value="net.pocrd.annotation.ApiAutowired" />
          <option name="fieldName" value="value" />
          <option name="defaultValue" value="" />
          <option name="enabled" value="true" />
        </annotationEntry>
        <annotationEntry>
          <option name="type" value="Comment" />
          <option name="className" value="net.pocrd.annotation.Description" />
          <option name="fieldName" value="value" />
          <option name="enabled" value="true" />
        </annotationEntry>
        <annotationEntry>
          <option name="type" value="Required" />
          <option name="className" value="javax.validation.constraints.NotNull" />
          <option name="defaultValue" value="true" />
          <option name="enabled" value="true" />
        </annotationEntry>
        <annotationEntry>
          <option name="type" value="Required" />
          <option name="className" value="javax.validation.constraints.NotBlank" />
          <option name="defaultValue" value="true" />
          <option name="enabled" value="true" />
        </annotationEntry>
        <annotationEntry>
          <option name="type" value="Required" />
          <option name="className" value="javax.validation.constraints.NotEmpty" />
          <option name="defaultValue" value="true" />
          <option name="enabled" value="true" />
        </annotationEntry>
        <annotationEntry>
          <option name="type" value="DateTimeFormat" />
          <option name="className" value="org.springframework.format.annotation.DateTimeFormat" />
          <option name="fieldName" value="pattern" />
          <option name="defaultValue" value="" />
          <option name="enabled" value="true" />
        </annotationEntry>
        <annotationEntry>
          <option name="type" value="DateTimeFormat" />
          <option name="className" value="com.fasterxml.jackson.annotation.JsonFormat" />
          <option name="fieldName" value="pattern" />
          <option name="defaultValue" value="" />
          <option name="enabled" value="true" />
        </annotationEntry>
        <annotationEntry>
          <option name="type" value="DateTimeFormat" />
          <option name="className" value="com.alibaba.fastjson.annotation.JSONField" />
          <option name="fieldName" value="format" />
          <option name="defaultValue" value="" />
          <option name="enabled" value="true" />
        </annotationEntry>
        <annotationEntry>
          <option name="type" value="Comment" />
          <option name="className" value="io.swagger.annotations.Api" />
          <option name="fieldName" value="value" />
          <option name="defaultValue" value="" />
          <option name="enabled" value="true" />
        </annotationEntry>
        <annotationEntry>
          <option name="type" value="Comment" />
          <option name="className" value="io.swagger.annotations.Api" />
          <option name="fieldName" value="description" />
          <option name="defaultValue" value="" />
          <option name="enabled" value="true" />
        </annotationEntry>
        <annotationEntry>
          <option name="type" value="Comment" />
          <option name="className" value="io.swagger.annotations.ApiModel" />
          <option name="fieldName" value="value" />
          <option name="defaultValue" value="" />
          <option name="enabled" value="true" />
        </annotationEntry>
        <annotationEntry>
          <option name="type" value="Comment" />
          <option name="className" value="io.swagger.annotations.ApiModel" />
          <option name="fieldName" value="description" />
          <option name="defaultValue" value="" />
          <option name="enabled" value="true" />
        </annotationEntry>
        <annotationEntry>
          <option name="type" value="Comment" />
          <option name="className" value="io.swagger.annotations.ApiModelProperty" />
          <option name="fieldName" value="value" />
          <option name="defaultValue" value="" />
          <option name="enabled" value="true" />
        </annotationEntry>
        <annotationEntry>
          <option name="type" value="Comment" />
          <option name="className" value="io.swagger.annotations.ApiModelProperty" />
          <option name="fieldName" value="notes" />
          <option name="defaultValue" value="" />
          <option name="enabled" value="true" />
        </annotationEntry>
        <annotationEntry>
          <option name="type" value="Required" />
          <option name="className" value="io.swagger.annotations.ApiModelProperty" />
          <option name="fieldName" value="required" />
          <option name="defaultValue" value="false" />
          <option name="enabled" value="true" />
        </annotationEntry>
        <annotationEntry>
          <option name="type" value="Comment" />
          <option name="className" value="io.swagger.annotations.ApiOperation" />
          <option name="fieldName" value="value" />
          <option name="defaultValue" value="" />
          <option name="enabled" value="true" />
        </annotationEntry>
        <annotationEntry>
          <option name="type" value="Comment" />
          <option name="className" value="io.swagger.annotations.ApiOperation" />
          <option name="fieldName" value="notes" />
          <option name="defaultValue" value="" />
          <option name="enabled" value="true" />
        </annotationEntry>
        <annotationEntry>
          <option name="type" value="FieldName" />
          <option name="className" value="com.wordnik.swagger.annotations.ApiParam" />
          <option name="fieldName" value="name" />
          <option name="defaultValue" value="" />
          <option name="enabled" value="true" />
        </annotationEntry>
        <annotationEntry>
          <option name="type" value="Required" />
          <option name="className" value="com.wordnik.swagger.annotations.ApiParam" />
          <option name="fieldName" value="required" />
          <option name="defaultValue" value="" />
          <option name="enabled" value="true" />
        </annotationEntry>
        <annotationEntry>
          <option name="type" value="Comment" />
          <option name="className" value="com.wordnik.swagger.annotations.ApiParam" />
          <option name="fieldName" value="value" />
          <option name="defaultValue" value="" />
          <option name="enabled" value="true" />
        </annotationEntry>
        <annotationEntry>
          <option name="type" value="DefaultValue" />
          <option name="className" value="com.wordnik.swagger.annotations.ApiParam" />
          <option name="fieldName" value="defaultValue" />
          <option name="defaultValue" value="" />
          <option name="enabled" value="true" />
        </annotationEntry>
      </list>
    </option>
    <option name="classResolutionReplacementList">
      <list>
        <ClassResolutionReplacement>
          <option name="regularExpression" value="^org\.springframework\.http\.HttpEntity&lt;(.+)&gt;" />
          <option name="replacementExpression" value="$1" />
          <option name="enabled" value="true" />
        </ClassResolutionReplacement>
        <ClassResolutionReplacement>
          <option name="regularExpression" value="^org\.springframework\.http\.HttpEntity" />
          <option name="replacementExpression" value="java.lang.Object" />
          <option name="enabled" value="true" />
        </ClassResolutionReplacement>
        <ClassResolutionReplacement>
          <option name="regularExpression" value="^org\.springframework\.http\.RequestEntity&lt;(.+)&gt;" />
          <option name="replacementExpression" value="$1" />
          <option name="enabled" value="true" />
        </ClassResolutionReplacement>
        <ClassResolutionReplacement>
          <option name="regularExpression" value="^org\.springframework\.http\.RequestEntity" />
          <option name="replacementExpression" value="java.lang.Object" />
          <option name="enabled" value="true" />
        </ClassResolutionReplacement>
        <ClassResolutionReplacement>
          <option name="regularExpression" value="^org\.springframework\.http\.ResponseEntity&lt;(.+)&gt;" />
          <option name="replacementExpression" value="$1" />
          <option name="enabled" value="true" />
        </ClassResolutionReplacement>
        <ClassResolutionReplacement>
          <option name="regularExpression" value="^org\.springframework\.http\.ResponseEntity" />
          <option name="replacementExpression" value="java.lang.Object" />
          <option name="enabled" value="true" />
        </ClassResolutionReplacement>
        <ClassResolutionReplacement>
          <option name="regularExpression" value="^java\.util\.concurrent\.Callable&lt;(.+)&gt;" />
          <option name="replacementExpression" value="$1" />
          <option name="enabled" value="true" />
        </ClassResolutionReplacement>
        <ClassResolutionReplacement>
          <option name="regularExpression" value="^java\.util\.concurrent\.Callable" />
          <option name="replacementExpression" value="java.lang.Object" />
          <option name="enabled" value="true" />
        </ClassResolutionReplacement>
        <ClassResolutionReplacement>
          <option name="regularExpression" value="^java\.util\.concurrent\.Future&lt;(.+)&gt;" />
          <option name="replacementExpression" value="$1" />
          <option name="enabled" value="true" />
        </ClassResolutionReplacement>
        <ClassResolutionReplacement>
          <option name="regularExpression" value="^java\.util\.concurrent\.Future" />
          <option name="replacementExpression" value="java.lang.Object" />
          <option name="enabled" value="true" />
        </ClassResolutionReplacement>
        <ClassResolutionReplacement>
          <option name="regularExpression" value="^java\.util\.concurrent\.CompletableFuture&lt;(.+)&gt;" />
          <option name="replacementExpression" value="$1" />
          <option name="enabled" value="true" />
        </ClassResolutionReplacement>
        <ClassResolutionReplacement>
          <option name="regularExpression" value="^java\.util\.concurrent\.CompletableFuture" />
          <option name="replacementExpression" value="java.lang.Object" />
          <option name="enabled" value="true" />
        </ClassResolutionReplacement>
        <ClassResolutionReplacement>
          <option name="regularExpression" value="^org\.springframework\.web\.context\.request\.async\.DeferredResult&lt;(.+)&gt;" />
          <option name="replacementExpression" value="$1" />
          <option name="enabled" value="true" />
        </ClassResolutionReplacement>
        <ClassResolutionReplacement>
          <option name="regularExpression" value="^org\.springframework\.web\.context\.request\.async\.DeferredResult" />
          <option name="replacementExpression" value="java.lang.Object" />
          <option name="enabled" value="true" />
        </ClassResolutionReplacement>
        <ClassResolutionReplacement>
          <option name="regularExpression" value="^org\.springframework\.web\.context\.request\.async\.WebAsyncTask&lt;(.+)&gt;" />
          <option name="replacementExpression" value="$1" />
          <option name="enabled" value="true" />
        </ClassResolutionReplacement>
        <ClassResolutionReplacement>
          <option name="regularExpression" value="^org\.springframework\.web\.context\.request\.async\.WebAsyncTask" />
          <option name="replacementExpression" value="java.lang.Object" />
          <option name="enabled" value="true" />
        </ClassResolutionReplacement>
      </list>
    </option>
    <option name="restBasePath" value="http://localhost/" />
    <option name="restControllerAnnotationList">
      <list>
        <annotationEntry>
          <option name="type" value="Controller" />
          <option name="className" value="org.springframework.web.bind.annotation.RestController" />
          <option name="enabled" value="true" />
        </annotationEntry>
        <annotationEntry>
          <option name="type" value="Controller" />
          <option name="className" value="org.springframework.stereotype.Controller" />
          <option name="enabled" value="true" />
        </annotationEntry>
        <annotationEntry>
          <option name="type" value="RequestParam" />
          <option name="className" value="org.springframework.web.bind.annotation.RequestParam" />
          <option name="enabled" value="true" />
        </annotationEntry>
        <annotationEntry>
          <option name="type" value="RequestBody" />
          <option name="className" value="org.springframework.web.bind.annotation.RequestBody" />
          <option name="enabled" value="true" />
        </annotationEntry>
        <annotationEntry>
          <option name="type" value="PathVariable" />
          <option name="className" value="org.springframework.web.bind.annotation.PathVariable" />
          <option name="enabled" value="true" />
        </annotationEntry>
        <annotationEntry>
          <option name="type" value="CookieValue" />
          <option name="className" value="org.springframework.web.bind.annotation.CookieValue" />
          <option name="enabled" value="true" />
        </annotationEntry>
        <annotationEntry>
          <option name="type" value="RequestHeader" />
          <option name="className" value="org.springframework.web.bind.annotation.RequestHeader" />
          <option name="enabled" value="true" />
        </annotationEntry>
      </list>
    </option>
    <option name="restPathAnnotationList">
      <list>
        <annotationEntry>
          <option name="className" value="org.springframework.web.bind.annotation.RequestMapping" />
          <option name="fieldName" value="value" />
          <option name="enabled" value="true" />
        </annotationEntry>
        <annotationEntry>
          <option name="className" value="org.springframework.web.bind.annotation.GetMapping" />
          <option name="fieldName" value="value" />
          <option name="enabled" value="true" />
        </annotationEntry>
        <annotationEntry>
          <option name="className" value="org.springframework.web.bind.annotation.PostMapping" />
          <option name="fieldName" value="value" />
          <option name="enabled" value="true" />
        </annotationEntry>
        <annotationEntry>
          <option name="className" value="org.springframework.web.bind.annotation.PutMapping" />
          <option name="fieldName" value="value" />
          <option name="enabled" value="true" />
        </annotationEntry>
        <annotationEntry>
          <option name="className" value="org.springframework.web.bind.annotation.PatchMapping" />
          <option name="fieldName" value="value" />
          <option name="enabled" value="true" />
        </annotationEntry>
        <annotationEntry>
          <option name="className" value="org.springframework.web.bind.annotation.DeleteMapping" />
          <option name="fieldName" value="value" />
          <option name="enabled" value="true" />
        </annotationEntry>
      </list>
    </option>
    <option name="restRequestMethodAnnotationList">
      <list>
        <annotationEntry>
          <option name="className" value="org.springframework.web.bind.annotation.RequestMapping" />
          <option name="fieldName" value="method" />
          <option name="defaultValue" value="ALL" />
          <option name="enabled" value="true" />
        </annotationEntry>
        <annotationEntry>
          <option name="className" value="org.springframework.web.bind.annotation.GetMapping" />
          <option name="defaultValue" value="GET" />
          <option name="enabled" value="true" />
        </annotationEntry>
        <annotationEntry>
          <option name="className" value="org.springframework.web.bind.annotation.PostMapping" />
          <option name="defaultValue" value="POST" />
          <option name="enabled" value="true" />
        </annotationEntry>
        <annotationEntry>
          <option name="className" value="org.springframework.web.bind.annotation.PutMapping" />
          <option name="defaultValue" value="PUT" />
          <option name="enabled" value="true" />
        </annotationEntry>
        <annotationEntry>
          <option name="className" value="org.springframework.web.bind.annotation.PatchMapping" />
          <option name="defaultValue" value="PATCH" />
          <option name="enabled" value="true" />
        </annotationEntry>
        <annotationEntry>
          <option name="className" value="org.springframework.web.bind.annotation.DeleteMapping" />
          <option name="defaultValue" value="DELETE" />
          <option name="enabled" value="true" />
        </annotationEntry>
      </list>
    </option>
  </component>
</application>